Time,L,M,S,type,P03,P10,P50,P90,P97
23.57142857,1,30.32439629,0.062997577,length,26.731396848277637,27.876166968300883,30.32439629,32.77262561169912,33.917395731722365
