Time,L,M,S
23.57142857,1,30.32439629,0.062997577
