Time,L,M,S
23.57142857,1,21.32685553,0.057876267
