Time,L,M,S,type,annotation,value
23.57142857,1,30.32439629,0.062997577,length,P03,26.731396848277637
