Time,L,M,S
22.42857143,0.662594393,533,0.136886896
