Time,L,M,S,type,P03,P10,P50,P90,P97
23.57142857,1,29.68754375,0.061064371,length,26.277944827540068,27.36428147495812,29.68754375,32.01080602504189,33.09714267245994
