Time,L,M,S
22.57142857,0.090956142,512.9417451,0.141753314
