Time,L,M,S,type,annotation,value
23.57142857,1,29.68754375,0.061064371,length,P03,26.277944827540068
