Time,L,M,S
23.57142857,1,20.9436698,0.05663345
