Time,L,M,S
23.57142857,1,29.68754375,0.061064371
